STATION,STATION_NAME,ELEVATION,LATITUDE,LONGITUDE,DATE,EMXP,Missing,Consecutive Missing,MXSD,Missing,Consecutive Missing,TPCP,Missing,Consecutive Missing,TSNW,Missing,Consecutive Missing
GHCND:US1KYFY0014,LEXINGTON 1.7 SW KY US,304.5,38.0164,-84.5193,20100501,338,0,0,-9999,0,0,432,0,0,0,23,22
GHCND:US1KYFY0014,LEXINGTON 1.7 SW KY US,304.5,38.0164,-84.5193,20100601,340,0,0,-9999,0,0,1214,0,0,0,22,13
GHCND:US1KYFY0014,LEXINGTON 1.7 SW KY US,304.5,38.0164,-84.5193,20100701,467,0,0,-9999,0,0,1717,0,0,0,17,4
GHCND:US1KYFY0014,LEXINGTON 1.7 SW KY US,304.5,38.0164,-84.5193,20100801,183,0,0,-9999,0,0,231,0,0,0,16,6
GHCND:US1KYFY0014,LEXINGTON 1.7 SW KY US,304.5,38.0164,-84.5193,20100901,74,0,0,-9999,0,0,115,0,0,0,17,5
GHCND:US1KYFY0014,LEXINGTON 1.7 SW KY US,304.5,38.0164,-84.5193,20101001,302,0,0,-9999,0,0,361,0,0,0,14,3
GHCND:US1KYFY0014,LEXINGTON 1.7 SW KY US,304.5,38.0164,-84.5193,20101101,41,0,0,-9999,0,0,64,0,0,0,6,3
GHCND:US1KYFY0001,LEXINGTON 4.9 SW KY US,289.9,37.9843,-84.5097,20071001,0,0,0,-9999,0,0,0,0,0,0,27,27
GHCND:US1KYFY0001,LEXINGTON 4.9 SW KY US,289.9,37.9843,-84.5097,20071101,155,0,0,-9999,0,0,533,0,0,0,1,1
GHCND:US1KYFY0001,LEXINGTON 4.9 SW KY US,289.9,37.9843,-84.5097,20071201,432,0,0,-9999,0,0,1095,0,0,3,8,4
GHCND:US1KYFY0001,LEXINGTON 4.9 SW KY US,289.9,37.9843,-84.5097,20080101,335,0,0,53,18,11,1156,0,0,78,0,0
GHCND:US1KYFY0001,LEXINGTON 4.9 SW KY US,289.9,37.9843,-84.5097,20080201,427,0,0,25,21,11,1674,0,0,63,2,2
GHCND:US1KYFY0001,LEXINGTON 4.9 SW KY US,289.9,37.9843,-84.5097,20080301,363,0,0,114,7,7,1663,0,0,114,7,3
GHCND:US1KYFY0001,LEXINGTON 4.9 SW KY US,289.9,37.9843,-84.5097,20080401,932,0,0,-9999,0,0,1427,0,0,0,1,1
GHCND:US1KYFY0001,LEXINGTON 4.9 SW KY US,289.9,37.9843,-84.5097,20080501,328,0,0,-9999,0,0,1227,0,0,0,5,3
GHCND:US1KYFY0001,LEXINGTON 4.9 SW KY US,289.9,37.9843,-84.5097,20080601,239,0,0,-9999,0,0,910,0,0,0,4,2
GHCND:US1KYFY0001,LEXINGTON 4.9 SW KY US,289.9,37.9843,-84.5097,20080701,429,0,0,-9999,0,0,1189,0,0,0,2,2
GHCND:US1KYFY0001,LEXINGTON 4.9 SW KY US,289.9,37.9843,-84.5097,20080801,389,0,0,-9999,0,0,506,0,0,0,4,4
GHCND:US1KYFY0001,LEXINGTON 4.9 SW KY US,289.9,37.9843,-84.5097,20080901,91,0,0,-9999,0,0,230,0,0,0,11,5
GHCND:US1KYFY0001,LEXINGTON 4.9 SW KY US,289.9,37.9843,-84.5097,20081001,188,0,0,-9999,0,0,264,0,0,0,9,5
GHCND:US1KYFY0001,LEXINGTON 4.9 SW KY US,289.9,37.9843,-84.5097,20081101,208,0,0,5,20,20,667,0,0,5,8,4
GHCND:US1KYFY0001,LEXINGTON 4.9 SW KY US,289.9,37.9843,-84.5097,20081201,480,0,0,-9999,0,0,1390,0,0,28,15,5
GHCND:US1KYFY0001,LEXINGTON 4.9 SW KY US,289.9,37.9843,-84.5097,20090101,709,0,0,64,18,11,1350,0,0,99,9,4
GHCND:US1KYFY0001,LEXINGTON 4.9 SW KY US,289.9,37.9843,-84.5097,20090201,208,0,0,64,5,2,320,0,0,0,16,5
GHCND:US1KYFY0001,LEXINGTON 4.9 SW KY US,289.9,37.9843,-84.5097,20090301,262,0,0,38,12,12,599,0,0,38,11,3
GHCND:US1KYFY0001,LEXINGTON 4.9 SW KY US,289.9,37.9843,-84.5097,20090401,307,0,0,-9999,0,0,728,0,0,0,13,4
GHCND:US1KYFY0001,LEXINGTON 4.9 SW KY US,289.9,37.9843,-84.5097,20090501,284,0,0,-9999,0,0,996,0,0,0,23,9
GHCND:US1KYFY0001,LEXINGTON 4.9 SW KY US,289.9,37.9843,-84.5097,20090601,310,0,0,-9999,0,0,1243,0,0,0,16,5
GHCND:US1KYFY0001,LEXINGTON 4.9 SW KY US,289.9,37.9843,-84.5097,20090701,485,0,0,-9999,0,0,1979,0,0,0,18,8
GHCND:US1KYFY0001,LEXINGTON 4.9 SW KY US,289.9,37.9843,-84.5097,20090801,371,0,0,-9999,0,0,945,0,0,0,20,9
GHCND:US1KYFY0001,LEXINGTON 4.9 SW KY US,289.9,37.9843,-84.5097,20090901,853,0,0,-9999,0,0,1679,0,0,0,23,15
GHCND:US1KYFY0001,LEXINGTON 4.9 SW KY US,289.9,37.9843,-84.5097,20091001,300,0,0,-9999,0,0,852,0,0,0,23,13
GHCND:US1KYFY0001,LEXINGTON 4.9 SW KY US,289.9,37.9843,-84.5097,20091101,69,0,0,-9999,0,0,153,0,0,0,12,5
GHCND:US1KYFY0001,LEXINGTON 4.9 SW KY US,289.9,37.9843,-84.5097,20091201,478,0,0,25,23,9,1038,0,0,25,18,8
GHCND:US1KYFY0001,LEXINGTON 4.9 SW KY US,289.9,37.9843,-84.5097,20100101,124,0,0,102,10,4,339,0,0,140,22,12
GHCND:US1KYFY0001,LEXINGTON 4.9 SW KY US,289.9,37.9843,-84.5097,20100201,109,0,0,-9999,0,0,109,0,0,-9999,0,0
GHCND:US1KYFY0001,LEXINGTON 4.9 SW KY US,289.9,37.9843,-84.5097,20100301,66,0,0,-9999,0,0,102,0,0,0,28,26
GHCND:US1KYFY0001,LEXINGTON 4.9 SW KY US,289.9,37.9843,-84.5097,20100401,241,0,0,-9999,0,0,978,0,0,0,13,6
GHCND:US1KYFY0001,LEXINGTON 4.9 SW KY US,289.9,37.9843,-84.5097,20100501,1227,0,0,-9999,0,0,2552,0,0,0,20,10
GHCND:US1KYFY0001,LEXINGTON 4.9 SW KY US,289.9,37.9843,-84.5097,20100601,414,0,0,-9999,0,0,713,0,0,0,26,12
GHCND:US1KYFY0001,LEXINGTON 4.9 SW KY US,289.9,37.9843,-84.5097,20100701,630,0,0,-9999,0,0,2089,0,0,0,18,11
GHCND:US1KYFY0001,LEXINGTON 4.9 SW KY US,289.9,37.9843,-84.5097,20100801,203,0,0,-9999,0,0,346,0,0,0,13,5
GHCND:US1KYFY0001,LEXINGTON 4.9 SW KY US,289.9,37.9843,-84.5097,20100901,69,0,0,-9999,0,0,106,0,0,0,21,15
GHCND:US1KYFY0001,LEXINGTON 4.9 SW KY US,289.9,37.9843,-84.5097,20101001,284,0,0,-9999,0,0,348,0,0,0,14,4
GHCND:US1KYFY0001,LEXINGTON 4.9 SW KY US,289.9,37.9843,-84.5097,20101101,259,0,0,-9999,0,0,326,0,0,0,21,7
GHCND:US1KYFY0001,LEXINGTON 4.9 SW KY US,289.9,37.9843,-84.5097,20101201,157,0,0,102,2,2,258,0,0,267,15,8
GHCND:US1KYFY0001,LEXINGTON 4.9 SW KY US,289.9,37.9843,-84.5097,20110101,160,0,0,-9999,0,0,313,0,0,178,16,9
GHCND:US1KYFY0001,LEXINGTON 4.9 SW KY US,289.9,37.9843,-84.5097,20110201,290,0,0,-9999,0,0,290,0,0,0,18,9
GHCND:US1KYFY0001,LEXINGTON 4.9 SW KY US,289.9,37.9843,-84.5097,20110301,76,0,0,-9999,0,0,145,0,0,0,21,9
GHCND:US1KYFY0001,LEXINGTON 4.9 SW KY US,289.9,37.9843,-84.5097,20110401,505,0,0,-9999,0,0,1931,0,0,0,27,14
GHCND:US1KYFY0001,LEXINGTON 4.9 SW KY US,289.9,37.9843,-84.5097,20110501,627,0,0,-9999,0,0,1349,0,0,0,7,4
GHCND:US1KYFY0001,LEXINGTON 4.9 SW KY US,289.9,37.9843,-84.5097,20110601,254,0,0,-9999,0,0,627,0,0,0,4,2
GHCND:US1KYFY0001,LEXINGTON 4.9 SW KY US,289.9,37.9843,-84.5097,20110701,373,0,0,-9999,0,0,589,0,0,-9999,0,0
GHCND:US1KYFY0001,LEXINGTON 4.9 SW KY US,289.9,37.9843,-84.5097,20110801,483,0,0,-9999,0,0,1140,0,0,0,19,8
GHCND:US1KYFY0001,LEXINGTON 4.9 SW KY US,289.9,37.9843,-84.5097,20110901,551,0,0,-9999,0,0,1430,0,0,0,11,5
GHCND:US1KYFY0001,LEXINGTON 4.9 SW KY US,289.9,37.9843,-84.5097,20111001,208,0,0,-9999,0,0,218,0,0,0,10,5
GHCND:US1KYFY0001,LEXINGTON 4.9 SW KY US,289.9,37.9843,-84.5097,20111101,188,0,0,-9999,0,0,330,0,0,-9999,0,0
GHCND:US1KYFY0001,LEXINGTON 4.9 SW KY US,289.9,37.9843,-84.5097,20111201,251,0,0,-9999,0,0,518,0,0,0,9,7
GHCND:US1KYFY0001,LEXINGTON 4.9 SW KY US,289.9,37.9843,-84.5097,20120101,221,0,0,-9999,0,0,259,0,0,0,30,30
GHCND:US1KYFY0001,LEXINGTON 4.9 SW KY US,289.9,37.9843,-84.5097,20120301,188,0,0,-9999,0,0,188,0,0,0,12,9
GHCND:US1KYFY0001,LEXINGTON 4.9 SW KY US,289.9,37.9843,-84.5097,20120701,241,0,0,-9999,0,0,884,0,0,0,27,22
GHCND:US1KYFY0001,LEXINGTON 4.9 SW KY US,289.9,37.9843,-84.5097,20120901,564,0,0,-9999,0,0,844,0,0,0,28,24
GHCND:US1KYFY0001,LEXINGTON 4.9 SW KY US,289.9,37.9843,-84.5097,20121001,114,0,0,-9999,0,0,302,0,0,0,17,11
GHCND:US1KYFY0001,LEXINGTON 4.9 SW KY US,289.9,37.9843,-84.5097,20121101,8,0,0,-9999,0,0,8,0,0,-9999,0,0
GHCND:US1KYFY0001,LEXINGTON 4.9 SW KY US,289.9,37.9843,-84.5097,20121201,246,0,0,-9999,0,0,246,0,0,-9999,0,0
GHCND:USW00093820,LEXINGTON BLUEGRASS AIRPORT KY US,294.1,38.04083,-84.60583,20000101,521,0,0,25,4,3,866,0,0,72,0,0
GHCND:USW00093820,LEXINGTON BLUEGRASS AIRPORT KY US,294.1,38.04083,-84.60583,20000201,653,0,0,0,0,0,1223,0,0,8,0,0
GHCND:USW00093820,LEXINGTON BLUEGRASS AIRPORT KY US,294.1,38.04083,-84.60583,20000301,401,0,0,0,0,0,989,0,0,5,0,0
GHCND:USW00093820,LEXINGTON BLUEGRASS AIRPORT KY US,294.1,38.04083,-84.60583,20000401,290,0,0,0,0,0,1150,0,0,0,0,0
GHCND:USW00093820,LEXINGTON BLUEGRASS AIRPORT KY US,294.1,38.04083,-84.60583,20000501,165,0,0,0,0,0,760,0,0,0,0,0
GHCND:USW00093820,LEXINGTON BLUEGRASS AIRPORT KY US,294.1,38.04083,-84.60583,20000601,417,0,0,0,0,0,972,0,0,0,0,0
GHCND:USW00093820,LEXINGTON BLUEGRASS AIRPORT KY US,294.1,38.04083,-84.60583,20000701,254,0,0,0,0,0,853,0,0,0,0,0
GHCND:USW00093820,LEXINGTON BLUEGRASS AIRPORT KY US,294.1,38.04083,-84.60583,20000801,305,0,0,0,0,0,890,0,0,0,0,0
GHCND:USW00093820,LEXINGTON BLUEGRASS AIRPORT KY US,294.1,38.04083,-84.60583,20000901,335,0,0,0,0,0,1351,0,0,0,0,0
GHCND:USW00093820,LEXINGTON BLUEGRASS AIRPORT KY US,294.1,38.04083,-84.60583,20001001,74,0,0,0,0,0,187,0,0,0,0,0
GHCND:USW00093820,LEXINGTON BLUEGRASS AIRPORT KY US,294.1,38.04083,-84.60583,20001101,193,0,0,0,0,0,508,0,0,0,0,0
GHCND:USW00093820,LEXINGTON BLUEGRASS AIRPORT KY US,294.1,38.04083,-84.60583,20001201,658,0,0,76,0,0,954,0,0,149,0,0
GHCND:USW00093820,LEXINGTON BLUEGRASS AIRPORT KY US,294.1,38.04083,-84.60583,20010101,114,0,0,102,3,3,343,0,0,107,0,0
GHCND:USW00093820,LEXINGTON BLUEGRASS AIRPORT KY US,294.1,38.04083,-84.60583,20010201,203,0,0,0,0,0,905,0,0,0,0,0
GHCND:USW00093820,LEXINGTON BLUEGRASS AIRPORT KY US,294.1,38.04083,-84.60583,20010301,292,0,0,0,0,0,832,0,0,0,0,0
GHCND:USW00093820,LEXINGTON BLUEGRASS AIRPORT KY US,294.1,38.04083,-84.60583,20010401,107,0,0,0,0,0,292,0,0,8,0,0
GHCND:USW00093820,LEXINGTON BLUEGRASS AIRPORT KY US,294.1,38.04083,-84.60583,20010501,513,0,0,0,0,0,1524,0,0,0,0,0
GHCND:USW00093820,LEXINGTON BLUEGRASS AIRPORT KY US,294.1,38.04083,-84.60583,20010601,145,0,0,0,0,0,656,0,0,0,0,0
GHCND:USW00093820,LEXINGTON BLUEGRASS AIRPORT KY US,294.1,38.04083,-84.60583,20010701,348,0,0,0,0,0,1472,0,0,0,0,0
GHCND:USW00093820,LEXINGTON BLUEGRASS AIRPORT KY US,294.1,38.04083,-84.60583,20010801,376,0,0,0,0,0,747,0,0,0,0,0
GHCND:USW00093820,LEXINGTON BLUEGRASS AIRPORT KY US,294.1,38.04083,-84.60583,20010901,343,0,0,0,0,0,624,0,0,0,0,0
GHCND:USW00093820,LEXINGTON BLUEGRASS AIRPORT KY US,294.1,38.04083,-84.60583,20011001,244,0,0,0,0,0,943,0,0,0,0,0
GHCND:USW00093820,LEXINGTON BLUEGRASS AIRPORT KY US,294.1,38.04083,-84.60583,20011101,251,0,0,0,0,0,838,0,0,0,0,0
GHCND:USW00093820,LEXINGTON BLUEGRASS AIRPORT KY US,294.1,38.04083,-84.60583,20011201,140,0,0,0,0,0,736,0,0,8,0,0
GHCND:USW00093820,LEXINGTON BLUEGRASS AIRPORT KY US,294.1,38.04083,-84.60583,20020101,236,0,0,102,0,0,606,0,0,198,0,0
GHCND:USW00093820,LEXINGTON BLUEGRASS AIRPORT KY US,294.1,38.04083,-84.60583,20020201,119,0,0,0,0,0,348,0,0,16,0,0
GHCND:USW00093820,LEXINGTON BLUEGRASS AIRPORT KY US,294.1,38.04083,-84.60583,20020301,572,0,0,0,1,1,1925,0,0,0,0,0
GHCND:USW00093820,LEXINGTON BLUEGRASS AIRPORT KY US,294.1,38.04083,-84.60583,20020401,414,0,0,0,0,0,1340,0,0,0,0,0
GHCND:USW00093820,LEXINGTON BLUEGRASS AIRPORT KY US,294.1,38.04083,-84.60583,20020501,282,0,0,0,0,0,1089,0,0,0,0,0
GHCND:USW00093820,LEXINGTON BLUEGRASS AIRPORT KY US,298.7,38.04083,-84.60583,20020601,211,0,0,0,0,0,684,0,0,0,0,0
GHCND:USW00093820,LEXINGTON BLUEGRASS AIRPORT KY US,298.7,38.04083,-84.60583,20020701,163,0,0,0,0,0,446,0,0,0,0,0
GHCND:USW00093820,LEXINGTON BLUEGRASS AIRPORT KY US,298.7,38.04083,-84.60583,20020801,155,0,0,0,0,0,742,0,0,0,0,0
GHCND:USW00093820,LEXINGTON BLUEGRASS AIRPORT KY US,298.7,38.04083,-84.60583,20020901,434,0,0,0,0,0,1382,0,0,0,0,0
GHCND:USW00093820,LEXINGTON BLUEGRASS AIRPORT KY US,298.7,38.04083,-84.60583,20021001,521,0,0,0,0,0,1659,0,0,0,0,0
GHCND:USW00093820,LEXINGTON BLUEGRASS AIRPORT KY US,298.7,38.04083,-84.60583,20021101,632,0,0,0,0,0,1267,0,0,25,0,0
GHCND:USW00093820,LEXINGTON BLUEGRASS AIRPORT KY US,298.7,38.04083,-84.60583,20021201,376,0,0,76,0,0,1037,0,0,109,0,0
GHCND:USW00093820,LEXINGTON BLUEGRASS AIRPORT KY US,298.7,38.04083,-84.60583,20030101,112,0,0,51,0,0,244,0,0,161,0,0
GHCND:USW00093820,LEXINGTON BLUEGRASS AIRPORT KY US,298.7,38.04083,-84.60583,20030201,437,0,0,76,0,0,1233,0,0,211,0,0
GHCND:USW00093820,LEXINGTON BLUEGRASS AIRPORT KY US,298.7,38.04083,-84.60583,20030301,185,0,0,0,0,0,618,0,0,0,0,0
GHCND:USW00093820,LEXINGTON BLUEGRASS AIRPORT KY US,298.7,38.04083,-84.60583,20030401,320,0,0,0,0,0,1042,0,0,0,0,0
GHCND:USW00093820,LEXINGTON BLUEGRASS AIRPORT KY US,298.7,38.04083,-84.60583,20030501,470,0,0,0,0,0,2122,0,0,0,0,0
GHCND:USW00093820,LEXINGTON BLUEGRASS AIRPORT KY US,298.7,38.04083,-84.60583,20030601,432,0,0,0,0,0,1627,0,0,0,0,0
GHCND:USW00093820,LEXINGTON BLUEGRASS AIRPORT KY US,298.7,38.04083,-84.60583,20030701,323,0,0,0,0,0,1291,0,0,0,0,0
GHCND:USW00093820,LEXINGTON BLUEGRASS AIRPORT KY US,298.7,38.04083,-84.60583,20030801,361,0,0,0,0,0,1151,0,0,0,0,0
GHCND:USW00093820,LEXINGTON BLUEGRASS AIRPORT KY US,298.7,38.04083,-84.60583,20030901,437,0,0,0,0,0,1288,0,0,0,0,0
GHCND:USW00093820,LEXINGTON BLUEGRASS AIRPORT KY US,298.7,38.04083,-84.60583,20031001,208,0,0,0,0,0,444,0,0,0,0,0
GHCND:USW00093820,LEXINGTON BLUEGRASS AIRPORT KY US,298.7,38.04083,-84.60583,20031101,523,0,0,0,0,0,1504,0,0,0,0,0
GHCND:USW00093820,LEXINGTON BLUEGRASS AIRPORT KY US,298.7,38.04083,-84.60583,20031201,188,0,0,51,0,0,998,0,0,99,0,0
GHCND:USW00093820,LEXINGTON BLUEGRASS AIRPORT KY US,298.7,38.04083,-84.60583,20040101,254,0,0,76,0,0,844,0,0,119,0,0
GHCND:USW00093820,LEXINGTON BLUEGRASS AIRPORT KY US,298.7,38.04083,-84.60583,20040201,173,0,0,0,0,0,379,0,0,0,0,0
GHCND:USW00093820,LEXINGTON BLUEGRASS AIRPORT KY US,298.7,38.04083,-84.60583,20040301,480,0,0,0,0,0,1096,0,0,0,0,0
GHCND:USW00093820,LEXINGTON BLUEGRASS AIRPORT KY US,298.7,38.04083,-84.60583,20040401,221,0,0,0,0,0,947,0,0,0,0,0
GHCND:USW00093820,LEXINGTON BLUEGRASS AIRPORT KY US,298.7,38.04083,-84.60583,20040501,853,0,0,0,0,0,2770,0,0,0,0,0
GHCND:USW00093820,LEXINGTON BLUEGRASS AIRPORT KY US,298.7,38.04083,-84.60583,20040601,287,0,0,0,0,0,1284,0,0,0,0,0
GHCND:USW00093820,LEXINGTON BLUEGRASS AIRPORT KY US,298.7,38.04083,-84.60583,20040701,805,0,0,0,0,0,2206,0,0,0,0,0
GHCND:USW00093820,LEXINGTON BLUEGRASS AIRPORT KY US,298.7,38.04083,-84.60583,20040801,264,0,0,0,0,0,1031,0,0,0,0,0
GHCND:USW00093820,LEXINGTON BLUEGRASS AIRPORT KY US,298.7,38.04083,-84.60583,20040901,442,0,0,0,0,0,818,0,0,0,0,0
GHCND:USW00093820,LEXINGTON BLUEGRASS AIRPORT KY US,298.7,38.04083,-84.60583,20041001,625,0,0,0,0,0,1770,0,0,0,0,0
GHCND:USW00093820,LEXINGTON BLUEGRASS AIRPORT KY US,298.7,38.04083,-84.60583,20041101,386,0,0,0,0,0,1859,0,0,0,0,0
GHCND:USW00093820,LEXINGTON BLUEGRASS AIRPORT KY US,298.7,38.04083,-84.60583,20041201,211,0,0,0,0,0,861,0,0,8,0,0
GHCND:USW00093820,LEXINGTON BLUEGRASS AIRPORT KY US,298.7,38.04083,-84.60583,20050101,201,0,0,25,0,0,1085,0,0,59,0,0
GHCND:USW00093820,LEXINGTON BLUEGRASS AIRPORT KY US,298.7,38.04083,-84.60583,20050201,119,0,0,0,0,0,568,0,0,10,0,0
GHCND:USW00093820,LEXINGTON BLUEGRASS AIRPORT KY US,298.7,38.04083,-84.60583,20050301,340,0,0,25,0,0,887,0,0,71,0,0
GHCND:USW00093820,LEXINGTON BLUEGRASS AIRPORT KY US,298.7,38.04083,-84.60583,20050401,206,0,0,0,0,0,882,0,0,0,0,0
GHCND:USW00093820,LEXINGTON BLUEGRASS AIRPORT KY US,298.7,38.04083,-84.60583,20050501,404,0,0,0,0,0,671,0,0,0,0,0
GHCND:USW00093820,LEXINGTON BLUEGRASS AIRPORT KY US,298.7,38.04083,-84.60583,20050601,251,0,0,0,0,0,579,0,0,0,0,0
GHCND:USW00093820,LEXINGTON BLUEGRASS AIRPORT KY US,298.7,38.04083,-84.60583,20050701,224,0,0,0,0,0,778,0,0,0,0,0
GHCND:USW00093820,LEXINGTON BLUEGRASS AIRPORT KY US,298.7,38.04083,-84.60583,20050801,475,0,0,0,0,0,1549,0,0,0,0,0
GHCND:USW00093820,LEXINGTON BLUEGRASS AIRPORT KY US,298.7,38.04083,-84.60583,20050901,81,0,0,0,0,0,226,0,0,0,0,0
GHCND:USW00093820,LEXINGTON BLUEGRASS AIRPORT KY US,298.7,38.04083,-84.60583,20051001,117,0,0,0,0,0,238,0,0,0,0,0
GHCND:USW00093820,LEXINGTON BLUEGRASS AIRPORT KY US,298.7,38.04083,-84.60583,20051101,152,0,0,0,0,0,449,0,0,0,0,0
GHCND:USW00093820,LEXINGTON BLUEGRASS AIRPORT KY US,298.7,38.04083,-84.60583,20051201,180,0,0,0,0,0,611,0,0,13,0,0
GHCND:USW00093820,LEXINGTON BLUEGRASS AIRPORT KY US,298.7,38.04083,-84.60583,20060101,467,0,0,25,0,0,1363,0,0,66,0,0
GHCND:USW00093820,LEXINGTON BLUEGRASS AIRPORT KY US,298.7,38.04083,-84.60583,20060201,185,0,0,76,0,0,538,0,0,206,0,0
GHCND:USW00093820,LEXINGTON BLUEGRASS AIRPORT KY US,298.7,38.04083,-84.60583,20060301,348,0,0,0,0,0,1060,0,0,0,0,0
GHCND:USW00093820,LEXINGTON BLUEGRASS AIRPORT KY US,298.7,38.04083,-84.60583,20060401,246,0,0,0,0,0,1157,0,0,0,0,0
GHCND:USW00093820,LEXINGTON BLUEGRASS AIRPORT KY US,298.7,38.04083,-84.60583,20060501,396,0,0,0,0,0,945,0,0,0,0,0
GHCND:USW00093820,LEXINGTON BLUEGRASS AIRPORT KY US,298.7,38.04083,-84.60583,20060601,274,0,0,0,0,0,592,0,0,0,0,0
GHCND:USW00093820,LEXINGTON BLUEGRASS AIRPORT KY US,298.7,38.04083,-84.60583,20060701,521,0,0,0,0,0,1393,0,0,0,0,0
GHCND:USW00093820,LEXINGTON BLUEGRASS AIRPORT KY US,298.7,38.04083,-84.60583,20060801,213,0,0,0,0,0,886,0,0,0,0,0
GHCND:USW00093820,LEXINGTON BLUEGRASS AIRPORT KY US,298.7,38.04083,-84.60583,20060901,1209,0,0,0,0,0,2603,0,0,0,0,0
GHCND:USW00093820,LEXINGTON BLUEGRASS AIRPORT KY US,298.7,38.04083,-84.60583,20061001,348,0,0,0,0,0,1598,0,0,0,0,0
GHCND:USW00093820,LEXINGTON BLUEGRASS AIRPORT KY US,298.7,38.04083,-84.60583,20061101,290,0,0,0,0,0,502,0,0,10,0,0
GHCND:USW00093820,LEXINGTON BLUEGRASS AIRPORT KY US,298.7,38.04083,-84.60583,20061201,188,0,0,0,0,0,775,0,0,8,0,0
GHCND:USW00093820,LEXINGTON BLUEGRASS AIRPORT KY US,298.7,38.04083,-84.60583,20070101,249,0,0,0,0,0,857,0,0,11,0,0
GHCND:USW00093820,LEXINGTON BLUEGRASS AIRPORT KY US,298.7,38.04083,-84.60583,20070201,226,0,0,51,0,0,628,0,0,151,0,0
GHCND:USW00093820,LEXINGTON BLUEGRASS AIRPORT KY US,298.7,38.04083,-84.60583,20070301,241,0,0,0,0,0,603,0,0,0,0,0
GHCND:USW00093820,LEXINGTON BLUEGRASS AIRPORT KY US,298.7,38.04083,-84.60583,20070401,368,0,0,0,0,0,1047,0,0,20,0,0
GHCND:USW00093820,LEXINGTON BLUEGRASS AIRPORT KY US,298.7,38.04083,-84.60583,20070501,97,0,0,0,0,0,308,0,0,0,0,0
GHCND:USW00093820,LEXINGTON BLUEGRASS AIRPORT KY US,298.7,38.04083,-84.60583,20070601,391,0,0,0,0,0,681,0,0,0,0,0
GHCND:USW00093820,LEXINGTON BLUEGRASS AIRPORT KY US,298.7,38.04083,-84.60583,20070701,589,0,0,0,0,0,1623,0,0,0,0,0
GHCND:USW00093820,LEXINGTON BLUEGRASS AIRPORT KY US,298.7,38.04083,-84.60583,20070801,574,0,0,0,0,0,1017,0,0,0,0,0
GHCND:USW00093820,LEXINGTON BLUEGRASS AIRPORT KY US,298.7,38.04083,-84.60583,20070901,102,0,0,0,0,0,224,0,0,0,0,0
GHCND:USW00093820,LEXINGTON BLUEGRASS AIRPORT KY US,298.7,38.04083,-84.60583,20071001,1100,0,0,0,0,0,1660,0,0,0,0,0
GHCND:USW00093820,LEXINGTON BLUEGRASS AIRPORT KY US,298.7,38.04083,-84.60583,20071101,231,0,0,0,0,0,698,0,0,0,0,0
GHCND:USW00093820,LEXINGTON BLUEGRASS AIRPORT KY US,298.7,38.04083,-84.60583,20071201,323,0,0,0,0,0,1761,0,0,0,0,0
GHCND:USW00093820,LEXINGTON BLUEGRASS AIRPORT KY US,298.7,38.04083,-84.60583,20080101,384,0,0,25,0,0,1122,0,0,51,0,0
GHCND:USW00093820,LEXINGTON BLUEGRASS AIRPORT KY US,298.7,38.04083,-84.60583,20080201,353,0,0,76,0,0,1464,0,0,110,0,0
GHCND:USW00093820,LEXINGTON BLUEGRASS AIRPORT KY US,298.7,38.04083,-84.60583,20080301,432,0,0,102,0,0,1600,0,0,115,0,0
GHCND:USW00093820,LEXINGTON BLUEGRASS AIRPORT KY US,298.7,38.04083,-84.60583,20080401,749,0,0,0,0,0,1498,0,0,0,0,0
GHCND:USW00093820,LEXINGTON BLUEGRASS AIRPORT KY US,298.7,38.04083,-84.60583,20080501,300,0,0,0,0,0,1121,0,0,0,0,0
GHCND:USW00093820,LEXINGTON BLUEGRASS AIRPORT KY US,298.7,38.04083,-84.60583,20080601,254,0,0,0,0,0,912,0,0,0,0,0
GHCND:USW00093820,LEXINGTON BLUEGRASS AIRPORT KY US,298.7,38.04083,-84.60583,20080701,198,0,0,0,0,0,868,0,0,0,0,0
GHCND:USW00093820,LEXINGTON BLUEGRASS AIRPORT KY US,298.7,38.04083,-84.60583,20080801,422,0,0,0,0,0,554,0,0,0,0,0
GHCND:USW00093820,LEXINGTON BLUEGRASS AIRPORT KY US,298.7,38.04083,-84.60583,20080901,107,0,0,0,0,0,361,0,0,0,0,0
GHCND:USW00093820,LEXINGTON BLUEGRASS AIRPORT KY US,298.7,38.04083,-84.60583,20081001,178,0,0,0,0,0,390,0,0,0,0,0
GHCND:USW00093820,LEXINGTON BLUEGRASS AIRPORT KY US,298.7,38.04083,-84.60583,20081101,211,0,0,0,0,0,643,0,0,3,0,0
GHCND:USW00093820,LEXINGTON BLUEGRASS AIRPORT KY US,298.7,38.04083,-84.60583,20081201,500,0,0,76,0,0,1533,0,0,70,0,0
GHCND:USW00093820,LEXINGTON BLUEGRASS AIRPORT KY US,298.7,38.04083,-84.60583,20090101,437,0,0,76,0,0,1099,0,0,128,0,0
GHCND:USW00093820,LEXINGTON BLUEGRASS AIRPORT KY US,298.7,38.04083,-84.60583,20090201,193,0,0,76,0,0,646,0,0,114,0,0
GHCND:USW00093820,LEXINGTON BLUEGRASS AIRPORT KY US,298.7,38.0408,-84.6058,20090301,157,0,0,0,0,0,608,0,0,15,0,0
GHCND:USW00093820,LEXINGTON BLUEGRASS AIRPORT KY US,298.7,38.0408,-84.6058,20090401,343,0,0,0,0,0,1215,0,0,0,0,0
GHCND:USW00093820,LEXINGTON BLUEGRASS AIRPORT KY US,298.7,38.0408,-84.6058,20090501,330,0,0,0,0,0,1532,0,0,0,0,0
GHCND:USW00093820,LEXINGTON BLUEGRASS AIRPORT KY US,298.7,38.0408,-84.6058,20090601,287,0,0,0,0,0,1317,0,0,0,0,0
GHCND:USW00093820,LEXINGTON BLUEGRASS AIRPORT KY US,298.7,38.0408,-84.6058,20090701,648,0,0,0,0,0,1923,0,0,0,0,0
GHCND:USW00093820,LEXINGTON BLUEGRASS AIRPORT KY US,298.7,38.0408,-84.6058,20090801,404,0,0,0,0,0,1152,0,0,0,0,0
GHCND:USW00093820,LEXINGTON BLUEGRASS AIRPORT KY US,298.7,38.0408,-84.6058,20090901,422,0,0,0,0,0,1499,0,0,0,0,0
GHCND:USW00093820,LEXINGTON BLUEGRASS AIRPORT KY US,298.7,38.0408,-84.6058,20091001,312,0,0,0,0,0,1467,0,0,0,0,0
GHCND:USW00093820,LEXINGTON BLUEGRASS AIRPORT KY US,298.7,38.0408,-84.6058,20091101,91,0,0,0,0,0,244,0,0,0,0,0
GHCND:USW00093820,LEXINGTON BLUEGRASS AIRPORT KY US,298.7,38.0408,-84.6058,20091201,419,0,0,25,0,0,1024,0,0,56,0,0
GHCND:USW00093820,LEXINGTON BLUEGRASS AIRPORT KY US,298.7,38.0408,-84.6058,20100101,244,0,0,102,0,0,767,0,0,241,0,0
GHCND:USW00093820,LEXINGTON BLUEGRASS AIRPORT KY US,298.7,38.0408,-84.6058,20100201,201,0,0,127,0,0,410,0,0,307,0,0
GHCND:USW00093820,LEXINGTON BLUEGRASS AIRPORT KY US,298.7,38.0408,-84.6058,20100301,64,0,0,0,0,0,289,0,0,0,0,0
GHCND:USW00093820,LEXINGTON BLUEGRASS AIRPORT KY US,298.7,38.0408,-84.6058,20100401,208,0,0,0,0,0,588,0,0,0,0,0
GHCND:USW00093820,LEXINGTON BLUEGRASS AIRPORT KY US,298.7,38.0408,-84.6058,20100501,1095,0,0,0,0,0,2528,0,0,0,0,0
GHCND:USW00093820,LEXINGTON BLUEGRASS AIRPORT KY US,298.7,38.0408,-84.6058,20100601,302,0,0,0,0,0,1166,0,0,0,0,0
GHCND:USW00093820,LEXINGTON BLUEGRASS AIRPORT KY US,298.7,38.0408,-84.6058,20100701,411,0,0,0,0,0,1539,0,0,0,0,0
GHCND:USW00093820,LEXINGTON BLUEGRASS AIRPORT KY US,298.7,38.0408,-84.6058,20100801,127,0,0,0,0,0,148,0,0,0,0,0
GHCND:USW00093820,LEXINGTON BLUEGRASS AIRPORT KY US,298.7,38.0408,-84.6058,20100901,71,0,0,0,0,0,155,0,0,0,0,0
GHCND:USW00093820,LEXINGTON BLUEGRASS AIRPORT KY US,298.7,38.0408,-84.6058,20101001,244,0,0,0,0,0,315,0,0,0,0,0
GHCND:USW00093820,LEXINGTON BLUEGRASS AIRPORT KY US,298.7,38.0408,-84.6058,20101101,361,0,0,0,0,0,1134,0,0,10,0,0
GHCND:USW00093820,LEXINGTON BLUEGRASS AIRPORT KY US,298.7,38.0408,-84.6058,20101201,168,0,0,102,0,0,636,0,0,316,0,0
GHCND:USW00093820,LEXINGTON BLUEGRASS AIRPORT KY US,298.7,38.0408,-84.6058,20110101,102,0,0,102,0,0,519,0,0,287,0,0
GHCND:USW00093820,LEXINGTON BLUEGRASS AIRPORT KY US,298.7,38.0408,-84.6058,20110201,450,0,0,51,0,0,1583,0,0,83,0,0
GHCND:USW00093820,LEXINGTON BLUEGRASS AIRPORT KY US,298.7,38.0408,-84.6058,20110301,404,0,0,0,0,0,1191,0,0,10,0,0
GHCND:USW00093820,LEXINGTON BLUEGRASS AIRPORT KY US,298.7,38.0408,-84.6058,20110401,594,0,0,0,0,0,3225,0,0,0,3,2
GHCND:USW00093820,LEXINGTON BLUEGRASS AIRPORT KY US,298.7,38.0408,-84.6058,20110501,460,0,0,0,0,0,1639,0,0,0,0,0
GHCND:USW00093820,LEXINGTON BLUEGRASS AIRPORT KY US,298.7,38.0408,-84.6058,20110601,183,0,0,0,0,0,813,0,0,0,1,1
GHCND:USW00093820,LEXINGTON BLUEGRASS AIRPORT KY US,298.7,38.0408,-84.6058,20110701,511,0,0,0,0,0,1251,0,0,0,0,0
GHCND:USW00093820,LEXINGTON BLUEGRASS AIRPORT KY US,298.7,38.0408,-84.6058,20110801,465,0,0,0,0,0,924,0,0,0,0,0
GHCND:USW00093820,LEXINGTON BLUEGRASS AIRPORT KY US,298.7,38.0408,-84.6058,20110901,333,0,0,0,0,0,1519,0,0,-9999,0,0
GHCND:USW00093820,LEXINGTON BLUEGRASS AIRPORT KY US,298.7,38.0408,-84.6058,20111001,295,0,0,0,0,0,1120,0,0,0,0,0
GHCND:USW00093820,LEXINGTON BLUEGRASS AIRPORT KY US,298.7,38.0408,-84.6058,20111101,493,0,0,0,0,0,1951,0,0,0,0,0
GHCND:USW00093820,LEXINGTON BLUEGRASS AIRPORT KY US,298.7,38.0408,-84.6058,20111201,478,0,0,0,0,0,1126,0,0,0,0,0
GHCND:USW00093820,LEXINGTON BLUEGRASS AIRPORT KY US,298.7,38.0408,-84.6058,20120101,259,0,0,25,0,0,899,0,0,28,0,0
GHCND:USW00093820,LEXINGTON BLUEGRASS AIRPORT KY US,298.7,38.0408,-84.6058,20120201,282,0,0,25,0,0,787,0,0,31,0,0
GHCND:USW00093820,LEXINGTON BLUEGRASS AIRPORT KY US,298.7,38.0408,-84.6058,20120301,218,0,0,127,0,0,842,0,0,135,0,0
GHCND:USW00093820,LEXINGTON BLUEGRASS AIRPORT KY US,298.7,38.0408,-84.6058,20120401,213,0,0,0,0,0,585,0,0,0,0,0
GHCND:USW00093820,LEXINGTON BLUEGRASS AIRPORT KY US,298.7,38.0408,-84.6058,20120501,310,0,0,0,0,0,916,0,0,0,0,0
GHCND:USW00093820,LEXINGTON BLUEGRASS AIRPORT KY US,298.7,38.0408,-84.6058,20120601,173,0,0,0,0,0,409,0,0,0,0,0
GHCND:USW00093820,LEXINGTON BLUEGRASS AIRPORT KY US,298.7,38.0408,-84.6058,20120701,612,0,0,0,0,0,2036,0,0,0,0,0
GHCND:USW00093820,LEXINGTON BLUEGRASS AIRPORT KY US,298.7,38.0408,-84.6058,20120801,180,0,0,0,0,0,547,0,0,0,0,0
GHCND:USW00093820,LEXINGTON BLUEGRASS AIRPORT KY US,298.7,38.0408,-84.6058,20120901,312,0,0,0,0,0,1375,0,0,0,0,0
GHCND:USW00093820,LEXINGTON BLUEGRASS AIRPORT KY US,298.7,38.0408,-84.6058,20121001,69,0,0,0,0,0,325,0,0,0,0,0
GHCND:USW00093820,LEXINGTON BLUEGRASS AIRPORT KY US,298.7,38.0408,-84.6058,20121101,211,0,0,0,0,0,448,0,0,0,0,0
GHCND:USW00093820,LEXINGTON BLUEGRASS AIRPORT KY US,298.7,38.0408,-84.6058,20121201,262,0,0,76,0,0,1666,0,0,87,0,0
GHCND:US1KYFY0003,LEXINGTON 3.7 WSW KY US,306,38.0163,-84.5187,20071101,290,0,0,-9999,0,0,721,0,0,0,15,11
GHCND:US1KYFY0003,LEXINGTON 3.7 WSW KY US,306,38.0163,-84.5187,20071201,381,0,0,0,5,5,1890,0,0,3,6,2
GHCND:US1KYFY0003,LEXINGTON 3.7 WSW KY US,306,38.0163,-84.5187,20080101,373,2,2,25,20,18,1118,2,2,66,5,2
GHCND:US1KYFY0003,LEXINGTON 3.7 WSW KY US,306,38.0163,-84.5187,20080201,462,0,0,-9999,0,0,855,0,0,13,13,5
GHCND:US1KYFY0003,LEXINGTON 3.7 WSW KY US,306,38.0163,-84.5187,20080301,523,0,0,-9999,0,0,1430,0,0,0,13,5
GHCND:US1KYFY0003,LEXINGTON 3.7 WSW KY US,306,38.0163,-84.5187,20080401,1082,0,0,-9999,0,0,1232,0,0,0,16,11
GHCND:US1KYFY0003,LEXINGTON 3.7 WSW KY US,306,38.0163,-84.5187,20080501,310,0,0,-9999,0,0,633,0,0,0,12,4
GHCND:US1KYFY0003,LEXINGTON 3.7 WSW KY US,306,38.0163,-84.5187,20080601,157,0,0,-9999,0,0,375,0,0,0,13,6
GHCND:US1KYFY0003,LEXINGTON 3.7 WSW KY US,306,38.0163,-84.5187,20080701,107,0,0,-9999,0,0,171,0,0,0,7,4
GHCND:US1KYFY0003,LEXINGTON 3.7 WSW KY US,306,38.0163,-84.5187,20080801,343,0,0,-9999,0,0,430,0,0,0,23,23
GHCND:US1KYFY0003,LEXINGTON 3.7 WSW KY US,306,38.0163,-84.5187,20080901,325,0,0,-9999,0,0,587,0,0,0,5,2
GHCND:US1KYFY0003,LEXINGTON 3.7 WSW KY US,306,38.0163,-84.5187,20081001,178,0,0,-9999,0,0,368,0,0,0,10,5
GHCND:US1KYFY0003,LEXINGTON 3.7 WSW KY US,306,38.0163,-84.5187,20081101,89,0,0,-9999,0,0,271,0,0,23,9,3
GHCND:US1KYFY0003,LEXINGTON 3.7 WSW KY US,306,38.0163,-84.5187,20081201,376,0,0,-9999,0,0,851,0,0,56,5,2
GHCND:US1KYFY0003,LEXINGTON 3.7 WSW KY US,306,38.0163,-84.5187,20090101,594,14,14,71,27,25,949,14,14,87,26,14
GHCND:US1KYFY0003,LEXINGTON 3.7 WSW KY US,306,38.0163,-84.5187,20090201,221,0,0,76,3,3,437,0,0,76,13,6
GHCND:US1KYFY0003,LEXINGTON 3.7 WSW KY US,306,38.0163,-84.5187,20090301,33,0,0,-9999,0,0,117,0,0,0,12,8
GHCND:US1KYFY0003,LEXINGTON 3.7 WSW KY US,306,38.0163,-84.5187,20090401,274,0,0,-9999,0,0,755,0,0,3,20,4
GHCND:US1KYFY0003,LEXINGTON 3.7 WSW KY US,306,38.0163,-84.5187,20090501,165,0,0,-9999,0,0,520,0,0,0,28,12
GHCND:US1KYFY0003,LEXINGTON 3.7 WSW KY US,306,38.0163,-84.5187,20090601,472,0,0,-9999,0,0,537,0,0,0,20,8
GHCND:US1KYFY0003,LEXINGTON 3.7 WSW KY US,306,38.0163,-84.5187,20090701,368,0,0,-9999,0,0,434,0,0,0,12,7
GHCND:US1KYFY0003,LEXINGTON 3.7 WSW KY US,306,38.0163,-84.5187,20090801,394,0,0,-9999,0,0,881,0,0,0,12,4
GHCND:US1KYFY0003,LEXINGTON 3.7 WSW KY US,306,38.0163,-84.5187,20090901,234,0,0,-9999,0,0,270,0,0,0,1,1
GHCND:US1KYFY0003,LEXINGTON 3.7 WSW KY US,306,38.0163,-84.5187,20091001,20,0,0,-9999,0,0,20,0,0,0,5,5
GHCND:US1KYFY0003,LEXINGTON 3.7 WSW KY US,306,38.0163,-84.5187,20100301,0,0,0,-9999,0,0,0,0,0,0,0,0
GHCND:US1KYFY0003,LEXINGTON 3.7 WSW KY US,306,38.0163,-84.5187,20100401,165,0,0,-9999,0,0,234,0,0,0,23,23
GHCND:US1KYFY0003,LEXINGTON 3.7 WSW KY US,306,38.0163,-84.5187,20100501,343,0,0,-9999,0,0,939,0,0,0,14,4
GHCND:US1KYFY0003,LEXINGTON 3.7 WSW KY US,306,38.0163,-84.5187,20100601,193,0,0,-9999,0,0,757,0,0,0,18,6
GHCND:US1KYFY0003,LEXINGTON 3.7 WSW KY US,306,38.0163,-84.5187,20100701,500,0,0,-9999,0,0,815,0,0,0,5,3
GHCND:US1KYFY0003,LEXINGTON 3.7 WSW KY US,306,38.0163,-84.5187,20100801,41,0,0,-9999,0,0,41,0,0,0,21,19
GHCND:US1KYFY0003,LEXINGTON 3.7 WSW KY US,306,38.0163,-84.5187,20100901,56,0,0,-9999,0,0,79,0,0,0,4,1
GHCND:US1KYFY0003,LEXINGTON 3.7 WSW KY US,306,38.0163,-84.5187,20101101,221,0,0,-9999,0,0,689,0,0,0,12,4
GHCND:US1KYFY0003,LEXINGTON 3.7 WSW KY US,306,38.0163,-84.5187,20101201,221,0,0,114,10,9,528,0,0,148,12,8
GHCND:US1KYFY0003,LEXINGTON 3.7 WSW KY US,306,38.0163,-84.5187,20110101,158,19,12,89,23,12,442,19,12,211,20,12
GHCND:US1KYFY0003,LEXINGTON 3.7 WSW KY US,306,38.0163,-84.5187,20110201,605,0,0,64,7,7,1264,0,0,77,7,3
GHCND:US1KYFY0003,LEXINGTON 3.7 WSW KY US,306,38.0163,-84.5187,20110301,417,0,0,-9999,0,0,1643,0,0,0,18,9
GHCND:US1KYFY0003,LEXINGTON 3.7 WSW KY US,306,38.0163,-84.5187,20110401,229,0,0,-9999,0,0,364,0,0,0,26,20
GHCND:US1KYFY0003,LEXINGTON 3.7 WSW KY US,306,38.0163,-84.5187,20110501,404,0,0,-9999,0,0,1046,0,0,0,20,14
GHCND:US1KYFY0003,LEXINGTON 3.7 WSW KY US,306,38.0163,-84.5187,20110601,170,0,0,-9999,0,0,582,0,0,0,12,7
GHCND:US1KYFY0003,LEXINGTON 3.7 WSW KY US,306,38.0163,-84.5187,20110701,163,0,0,-9999,0,0,464,0,0,0,7,6
GHCND:US1KYFY0003,LEXINGTON 3.7 WSW KY US,306,38.0163,-84.5187,20110801,107,0,0,-9999,0,0,107,0,0,0,24,23
GHCND:US1KYFY0003,LEXINGTON 3.7 WSW KY US,306,38.0163,-84.5187,20110901,526,0,0,-9999,0,0,1764,0,0,0,16,6
GHCND:US1KYFY0003,LEXINGTON 3.7 WSW KY US,306,38.0163,-84.5187,20111001,211,0,0,-9999,0,0,211,0,0,0,12,11
GHCND:US1KYFY0003,LEXINGTON 3.7 WSW KY US,306,38.0163,-84.5187,20111101,269,0,0,-9999,0,0,871,0,0,0,10,4
GHCND:US1KYFY0003,LEXINGTON 3.7 WSW KY US,306,38.0163,-84.5187,20111201,411,0,0,-9999,0,0,795,0,0,0,14,5
GHCND:US1KYFY0003,LEXINGTON 3.7 WSW KY US,306,38.0163,-84.5187,20120101,274,0,0,25,13,12,1149,0,0,33,15,4
GHCND:US1KYFY0003,LEXINGTON 3.7 WSW KY US,306,38.0163,-84.5187,20120201,109,0,0,25,9,7,472,0,0,50,14,5
GHCND:US1KYFY0003,LEXINGTON 3.7 WSW KY US,306,38.0163,-84.5187,20120301,257,0,0,127,4,4,963,0,0,127,12,4
GHCND:US1KYFY0003,LEXINGTON 3.7 WSW KY US,306,38.0163,-84.5187,20120401,152,0,0,-9999,0,0,208,0,0,0,12,4
GHCND:US1KYFY0003,LEXINGTON 3.7 WSW KY US,306,38.0163,-84.5187,20120501,15,0,0,-9999,0,0,23,0,0,0,27,25
GHCND:US1KYFY0003,LEXINGTON 3.7 WSW KY US,306,38.0163,-84.5187,20120601,206,0,0,-9999,0,0,400,0,0,0,10,5
GHCND:US1KYFY0003,LEXINGTON 3.7 WSW KY US,306,38.0163,-84.5187,20120701,244,0,0,-9999,0,0,1034,0,0,0,10,4
GHCND:US1KYFY0003,LEXINGTON 3.7 WSW KY US,306,38.0163,-84.5187,20120801,5,0,0,-9999,0,0,5,0,0,0,23,22
GHCND:US1KYFY0003,LEXINGTON 3.7 WSW KY US,306,38.0163,-84.5187,20120901,429,0,0,-9999,0,0,1650,0,0,0,11,4
GHCND:US1KYFY0003,LEXINGTON 3.7 WSW KY US,306,38.0163,-84.5187,20121001,102,0,0,-9999,0,0,222,0,0,0,13,10
GHCND:US1KYFY0003,LEXINGTON 3.7 WSW KY US,306,38.0163,-84.5187,20121101,213,0,0,-9999,0,0,367,0,0,0,10,4
GHCND:US1KYFY0003,LEXINGTON 3.7 WSW KY US,306,38.0163,-84.5187,20121201,300,0,0,-9999,0,0,564,0,0,0,22,15
GHCND:US1KYFY0002,LEXINGTON FAYETTE 6.3 S KY US,299,37.9673,-84.4851,20071201,0,0,0,0,15,15,0,0,0,0,15,15
GHCND:US1KYFY0002,LEXINGTON FAYETTE 6.3 S KY US,299,37.9673,-84.4851,20080101,264,0,0,25,21,21,407,0,0,30,20,19
GHCND:US1KYFY0002,LEXINGTON FAYETTE 6.3 S KY US,299,37.9673,-84.4851,20080201,348,0,0,36,16,6,1451,0,0,86,0,0
GHCND:US1KYFY0002,LEXINGTON FAYETTE 6.3 S KY US,299,37.9673,-84.4851,20080301,447,0,0,102,17,11,2030,0,0,127,0,0
GHCND:US1KYFY0002,LEXINGTON FAYETTE 6.3 S KY US,299,37.9673,-84.4851,20080401,978,0,0,-9999,0,0,1485,0,0,0,0,0
GHCND:US1KYFY0002,LEXINGTON FAYETTE 6.3 S KY US,299,37.9673,-84.4851,20080501,333,0,0,-9999,0,0,1154,0,0,0,0,0
GHCND:US1KYFY0002,LEXINGTON FAYETTE 6.3 S KY US,299,37.9673,-84.4851,20080601,246,0,0,-9999,0,0,989,0,0,0,0,0
GHCND:US1KYFY0002,LEXINGTON FAYETTE 6.3 S KY US,299,37.9673,-84.4851,20080701,434,0,0,-9999,0,0,1166,0,0,0,0,0
GHCND:US1KYFY0002,LEXINGTON FAYETTE 6.3 S KY US,299,37.9673,-84.4851,20080801,257,0,0,-9999,0,0,376,0,0,0,3,3
GHCND:US1KYFY0002,LEXINGTON FAYETTE 6.3 S KY US,299,37.9673,-84.4851,20080901,64,0,0,-9999,0,0,64,0,0,0,18,13
GHCND:US1KYFY0002,LEXINGTON FAYETTE 6.3 S KY US,299,37.9673,-84.4851,20081001,173,0,0,0,27,27,351,0,0,0,2,2
GHCND:US1KYFY0002,LEXINGTON FAYETTE 6.3 S KY US,299,37.9673,-84.4851,20081101,112,0,0,5,19,16,461,0,0,5,2,2
GHCND:US1KYFY0002,LEXINGTON FAYETTE 6.3 S KY US,299,37.9673,-84.4851,20081201,363,0,0,33,22,8,1391,0,0,38,7,3
GHCND:US1KYFY0002,LEXINGTON FAYETTE 6.3 S KY US,299,37.9673,-84.4851,20090101,645,0,0,86,14,7,1436,0,0,113,8,4
GHCND:US1KYFY0002,LEXINGTON FAYETTE 6.3 S KY US,299,37.9673,-84.4851,20090201,198,0,0,107,15,12,667,0,0,122,6,3
GHCND:US1KYFY0002,LEXINGTON FAYETTE 6.3 S KY US,299,37.9673,-84.4851,20090301,168,0,0,46,10,10,562,0,0,49,15,6
GHCND:US1KYFY0002,LEXINGTON FAYETTE 6.3 S KY US,299,37.9673,-84.4851,20090401,328,0,0,0,6,6,1405,0,0,0,13,4
GHCND:US1KYFY0002,LEXINGTON FAYETTE 6.3 S KY US,299,37.9673,-84.4851,20090501,259,0,0,-9999,0,0,1334,0,0,0,20,6
GHCND:US1KYFY0002,LEXINGTON FAYETTE 6.3 S KY US,299,37.9673,-84.4851,20090601,287,0,0,-9999,0,0,1306,0,0,0,12,3
GHCND:US1KYFY0002,LEXINGTON FAYETTE 6.3 S KY US,299,37.9673,-84.4851,20090701,434,0,0,-9999,0,0,1675,0,0,0,9,2
GHCND:US1KYFY0002,LEXINGTON FAYETTE 6.3 S KY US,299,37.9673,-84.4851,20090801,371,0,0,-9999,0,0,801,0,0,0,12,4
GHCND:US1KYFY0002,LEXINGTON FAYETTE 6.3 S KY US,299,37.9673,-84.4851,20090901,1013,0,0,-9999,0,0,2303,0,0,0,13,9
GHCND:US1KYFY0002,LEXINGTON FAYETTE 6.3 S KY US,299,37.9673,-84.4851,20091001,277,0,0,-9999,0,0,1508,0,0,0,12,4
GHCND:US1KYFY0002,LEXINGTON FAYETTE 6.3 S KY US,299,37.9673,-84.4851,20091101,130,0,0,0,4,4,268,0,0,0,6,3
GHCND:US1KYFY0002,LEXINGTON FAYETTE 6.3 S KY US,299,37.9673,-84.4851,20091201,434,0,0,13,18,7,995,0,0,37,7,2
GHCND:US1KYFY0002,LEXINGTON FAYETTE 6.3 S KY US,299,37.9673,-84.4851,20100101,198,0,0,94,12,9,809,0,0,258,8,6
GHCND:US1KYFY0002,LEXINGTON FAYETTE 6.3 S KY US,299,37.9673,-84.4851,20100201,226,0,0,216,0,0,665,0,0,373,2,1
GHCND:US1KYFY0002,LEXINGTON FAYETTE 6.3 S KY US,299,37.9673,-84.4851,20100301,86,0,0,0,24,23,466,0,0,0,11,4
GHCND:US1KYFY0002,LEXINGTON FAYETTE 6.3 S KY US,299,37.9673,-84.4851,20100401,236,0,0,-9999,0,0,858,0,0,0,12,6
GHCND:US1KYFY0002,LEXINGTON FAYETTE 6.3 S KY US,299,37.9673,-84.4851,20100501,1044,0,0,-9999,0,0,2530,0,0,0,15,4
GHCND:US1KYFY0002,LEXINGTON FAYETTE 6.3 S KY US,299,37.9673,-84.4851,20100601,259,0,0,-9999,0,0,1301,0,0,0,14,3
GHCND:US1KYFY0002,LEXINGTON FAYETTE 6.3 S KY US,299,37.9673,-84.4851,20100701,653,0,0,-9999,0,0,2173,0,0,0,13,6
GHCND:US1KYFY0002,LEXINGTON FAYETTE 6.3 S KY US,299,37.9673,-84.4851,20100801,249,0,0,-9999,0,0,366,0,0,0,8,3
GHCND:US1KYFY0002,LEXINGTON FAYETTE 6.3 S KY US,299,37.9673,-84.4851,20100901,71,0,0,-9999,0,0,190,0,0,0,10,2
GHCND:US1KYFY0002,LEXINGTON FAYETTE 6.3 S KY US,299,37.9673,-84.4851,20101001,269,0,0,-9999,0,0,324,0,0,0,7,3
GHCND:US1KYFY0002,LEXINGTON FAYETTE 6.3 S KY US,299,37.9673,-84.4851,20101101,254,0,0,3,25,25,968,0,0,3,10,4
GHCND:US1KYFY0002,LEXINGTON FAYETTE 6.3 S KY US,299,37.9673,-84.4851,20101201,193,0,0,91,2,1,805,0,0,305,0,0
GHCND:US1KYFY0002,LEXINGTON FAYETTE 6.3 S KY US,299,37.9673,-84.4851,20110101,104,0,0,84,5,4,570,0,0,274,0,0
GHCND:US1KYFY0002,LEXINGTON FAYETTE 6.3 S KY US,299,37.9673,-84.4851,20110201,538,0,0,38,5,2,1426,0,0,74,3,2
GHCND:US1KYFY0002,LEXINGTON FAYETTE 6.3 S KY US,299,37.9673,-84.4851,20110301,389,0,0,10,24,14,1349,0,0,15,11,3
GHCND:US1KYFY0002,LEXINGTON FAYETTE 6.3 S KY US,299,37.9673,-84.4851,20110401,683,0,0,-9999,0,0,3367,0,0,0,17,7
GHCND:US1KYFY0002,LEXINGTON FAYETTE 6.3 S KY US,299,37.9673,-84.4851,20110501,465,0,0,-9999,0,0,1156,0,0,-9999,0,0
GHCND:US1KYFY0002,LEXINGTON FAYETTE 6.3 S KY US,299,37.9673,-84.4851,20110601,0,0,0,-9999,0,0,0,0,0,0,3,3
GHCND:US1KYFY0002,LEXINGTON FAYETTE 6.3 S KY US,299,37.9673,-84.4851,20110701,173,0,0,-9999,0,0,259,0,0,0,9,9
GHCND:US1KYFY0002,LEXINGTON FAYETTE 6.3 S KY US,299,37.9673,-84.4851,20110801,429,0,0,-9999,0,0,820,0,0,0,22,17
GHCND:US1KYFY0002,LEXINGTON FAYETTE 6.3 S KY US,299,37.9673,-84.4851,20110901,145,0,0,-9999,0,0,523,0,0,0,14,8
GHCND:US1KYFY0002,LEXINGTON FAYETTE 6.3 S KY US,299,37.9673,-84.4851,20111001,442,0,0,-9999,0,0,1260,0,0,0,12,7
GHCND:US1KYFY0002,LEXINGTON FAYETTE 6.3 S KY US,299,37.9673,-84.4851,20111101,0,0,0,-9999,0,0,0,0,0,0,17,17
GHCND:US1KYFY0002,LEXINGTON FAYETTE 6.3 S KY US,299,37.9673,-84.4851,20111201,0,0,0,-9999,0,0,0,0,0,0,24,24
GHCND:US1KYFY0002,LEXINGTON FAYETTE 6.3 S KY US,299,37.9673,-84.4851,20120101,165,0,0,20,12,9,195,0,0,23,3,3
GHCND:US1KYFY0002,LEXINGTON FAYETTE 6.3 S KY US,299,37.9673,-84.4851,20120301,254,4,4,127,4,4,302,4,4,127,4,4
GHCND:US1KYFY0012,LEXINGTON 4 S KY US,283.2,37.9876,-84.4816,20100401,257,0,0,-9999,0,0,523,0,0,0,18,9
GHCND:US1KYFY0012,LEXINGTON 4 S KY US,283.2,37.9876,-84.4816,20100501,1222,0,0,-9999,0,0,1973,0,0,0,23,23
GHCND:US1KYFY0012,LEXINGTON 4 S KY US,283.2,37.9876,-84.4816,20100601,244,0,0,-9999,0,0,847,0,0,0,26,17
GHCND:US1KYFY0012,LEXINGTON 4 S KY US,283.2,37.9876,-84.4816,20100701,551,0,0,-9999,0,0,1076,0,0,0,19,14
GHCND:US1KYFY0012,LEXINGTON 4 S KY US,283.2,37.9876,-84.4816,20100801,30,0,0,-9999,0,0,89,0,0,0,11,3
GHCND:US1KYFY0012,LEXINGTON 4 S KY US,283.2,37.9876,-84.4816,20100901,74,0,0,-9999,0,0,187,0,0,0,16,4
GHCND:US1KYFY0012,LEXINGTON 4 S KY US,283.2,37.9876,-84.4816,20101001,254,0,0,-9999,0,0,313,0,0,0,10,3
GHCND:US1KYFY0012,LEXINGTON 4 S KY US,283.2,37.9876,-84.4816,20101101,246,0,0,-9999,0,0,938,0,0,0,14,6
GHCND:US1KYFY0012,LEXINGTON 4 S KY US,283.2,37.9876,-84.4816,20101201,196,0,0,-9999,0,0,351,0,0,0,5,2
GHCND:US1KYFY0012,LEXINGTON 4 S KY US,283.2,37.9876,-84.4816,20110101,86,0,0,-9999,0,0,302,0,0,0,13,11
GHCND:US1KYFY0012,LEXINGTON 4 S KY US,283.2,37.9876,-84.4816,20110201,244,0,0,-9999,0,0,376,0,0,0,14,13
GHCND:US1KYFY0012,LEXINGTON 4 S KY US,283.2,37.9876,-84.4816,20110301,259,0,0,-9999,0,0,764,0,0,0,21,21
GHCND:US1KYFY0012,LEXINGTON 4 S KY US,283.2,37.9876,-84.4816,20110401,638,0,0,-9999,0,0,3355,0,0,0,21,9
GHCND:US1KYFY0012,LEXINGTON 4 S KY US,283.2,37.9876,-84.4816,20110501,351,0,0,-9999,0,0,722,0,0,0,4,4
GHCND:US1KYFY0009,LEXINGTON 1.7 SSE KY US,307.8,38.0249,-84.495,20080701,267,0,0,-9999,0,0,638,0,0,0,18,18
GHCND:US1KYFY0009,LEXINGTON 1.7 SSE KY US,307.8,38.0249,-84.495,20080801,130,0,0,-9999,0,0,290,0,0,0,0,0
GHCND:US1KYFY0009,LEXINGTON 1.7 SSE KY US,307.8,38.0249,-84.495,20080901,198,0,0,-9999,0,0,315,0,0,0,6,4
GHCND:US1KYFY0009,LEXINGTON 1.7 SSE KY US,307.8,38.0249,-84.495,20081001,185,0,0,-9999,0,0,455,0,0,0,0,0
GHCND:US1KYFY0009,LEXINGTON 1.7 SSE KY US,307.8,38.0249,-84.495,20081101,168,0,0,-9999,0,0,667,0,0,8,0,0
GHCND:US1KYFY0009,LEXINGTON 1.7 SSE KY US,307.8,38.0249,-84.495,20081201,376,0,0,18,16,16,1619,0,0,30,14,5
GHCND:US1KYFY0009,LEXINGTON 1.7 SSE KY US,307.8,38.0249,-84.495,20090101,8,0,0,0,19,19,37,0,0,117,13,10
GHCND:US1KYFY0009,LEXINGTON 1.7 SSE KY US,307.8,38.0249,-84.495,20090201,203,0,0,69,0,0,725,0,0,87,0,0
GHCND:US1KYFY0009,LEXINGTON 1.7 SSE KY US,307.8,38.0249,-84.495,20090301,165,0,0,33,4,4,662,0,0,33,9,6
GHCND:US1KYFY0009,LEXINGTON 1.7 SSE KY US,307.8,38.0249,-84.495,20090401,345,0,0,0,6,6,1485,0,0,0,16,4
GHCND:US1KYFY0009,LEXINGTON 1.7 SSE KY US,307.8,38.0249,-84.495,20090501,320,0,0,-9999,0,0,1408,0,0,0,13,5
GHCND:US1KYFY0009,LEXINGTON 1.7 SSE KY US,307.8,38.0249,-84.495,20090601,290,0,0,-9999,0,0,977,0,0,0,21,13
GHCND:US1KYFY0009,LEXINGTON 1.7 SSE KY US,307.8,38.0249,-84.495,20090701,554,0,0,-9999,0,0,1871,0,0,0,9,3
GHCND:US1KYFY0009,LEXINGTON 1.7 SSE KY US,307.8,38.0249,-84.495,20090801,511,0,0,-9999,0,0,1176,0,0,0,16,11
GHCND:US1KYFY0009,LEXINGTON 1.7 SSE KY US,307.8,38.0249,-84.495,20090901,335,0,0,-9999,0,0,897,0,0,0,14,11
GHCND:US1KYFY0009,LEXINGTON 1.7 SSE KY US,307.8,38.0249,-84.495,20091001,356,0,0,-9999,0,0,1691,0,0,0,11,3
GHCND:US1KYFY0009,LEXINGTON 1.7 SSE KY US,307.8,38.0249,-84.495,20091101,127,0,0,-9999,0,0,321,0,0,0,8,4
GHCND:US1KYFY0009,LEXINGTON 1.7 SSE KY US,307.8,38.0249,-84.495,20091201,124,0,0,25,7,7,427,0,0,31,6,5
GHCND:US1KYFY0009,LEXINGTON 1.7 SSE KY US,307.8,38.0249,-84.495,20100101,244,0,0,89,0,0,728,0,0,189,0,0
GHCND:US1KYFY0009,LEXINGTON 1.7 SSE KY US,307.8,38.0249,-84.495,20100201,221,0,0,127,0,0,371,0,0,255,0,0
GHCND:US1KYFY0009,LEXINGTON 1.7 SSE KY US,307.8,38.0249,-84.495,20100301,89,0,0,0,0,0,323,0,0,0,18,6
GHCND:US1KYFY0009,LEXINGTON 1.7 SSE KY US,307.8,38.0249,-84.495,20100401,323,0,0,-9999,0,0,941,0,0,0,12,6
GHCND:US1KYFY0009,LEXINGTON 1.7 SSE KY US,307.8,38.0249,-84.495,20100501,1016,0,0,-9999,0,0,2544,0,0,0,17,5
GHCND:US1KYFY0009,LEXINGTON 1.7 SSE KY US,307.8,38.0249,-84.495,20100601,203,0,0,-9999,0,0,1227,0,0,0,14,5
GHCND:US1KYFY0009,LEXINGTON 1.7 SSE KY US,307.8,38.0249,-84.495,20100701,503,0,0,-9999,0,0,1881,0,0,0,12,7
GHCND:US1KYFY0009,LEXINGTON 1.7 SSE KY US,307.8,38.0249,-84.495,20100801,183,0,0,-9999,0,0,339,0,0,0,9,3
GHCND:US1KYFY0009,LEXINGTON 1.7 SSE KY US,307.8,38.0249,-84.495,20100901,69,0,0,-9999,0,0,176,0,0,0,5,1
GHCND:US1KYFY0009,LEXINGTON 1.7 SSE KY US,307.8,38.0249,-84.495,20101001,307,0,0,-9999,0,0,368,0,0,0,11,5
GHCND:US1KYFY0009,LEXINGTON 1.7 SSE KY US,307.8,38.0249,-84.495,20101101,340,0,0,8,25,25,1093,0,0,8,10,3
GHCND:US1KYFY0009,LEXINGTON 1.7 SSE KY US,307.8,38.0249,-84.495,20101201,218,0,0,64,6,6,477,0,0,128,14,7
GHCND:US1KYFY0009,LEXINGTON 1.7 SSE KY US,307.8,38.0249,-84.495,20110101,99,0,0,76,0,0,398,0,0,279,0,0
GHCND:US1KYFY0009,LEXINGTON 1.7 SSE KY US,307.8,38.0249,-84.495,20110201,632,0,0,51,1,1,1849,0,0,64,0,0
GHCND:US1KYFY0009,LEXINGTON 1.7 SSE KY US,307.8,38.0249,-84.495,20110301,424,0,0,8,13,11,1709,0,0,8,11,5
GHCND:US1KYFY0009,LEXINGTON 1.7 SSE KY US,307.8,38.0249,-84.495,20110401,587,0,0,-9999,0,0,3462,0,0,0,21,7
GHCND:US1KYFY0009,LEXINGTON 1.7 SSE KY US,307.8,38.0249,-84.495,20110501,561,0,0,-9999,0,0,1887,0,0,0,17,6
GHCND:US1KYFY0009,LEXINGTON 1.7 SSE KY US,307.8,38.0249,-84.495,20110601,163,0,0,-9999,0,0,637,0,0,0,11,3
GHCND:US1KYFY0009,LEXINGTON 1.7 SSE KY US,307.8,38.0249,-84.495,20110701,632,0,0,-9999,0,0,2096,0,0,0,13,6
GHCND:US1KYFY0009,LEXINGTON 1.7 SSE KY US,307.8,38.0249,-84.495,20110801,490,0,0,-9999,0,0,1138,0,0,0,8,3
GHCND:US1KYFY0009,LEXINGTON 1.7 SSE KY US,307.8,38.0249,-84.495,20110901,528,0,0,-9999,0,0,1757,0,0,0,17,7
GHCND:US1KYFY0009,LEXINGTON 1.7 SSE KY US,307.8,38.0249,-84.495,20111001,356,0,0,-9999,0,0,1284,0,0,0,17,9
GHCND:US1KYFY0009,LEXINGTON 1.7 SSE KY US,307.8,38.0249,-84.495,20111101,386,0,0,-9999,0,0,2050,0,0,0,10,4
GHCND:US1KYFY0009,LEXINGTON 1.7 SSE KY US,307.8,38.0249,-84.495,20111201,165,0,0,-9999,0,0,570,0,0,0,14,5
GHCND:US1KYFY0009,LEXINGTON 1.7 SSE KY US,307.8,38.0249,-84.495,20120101,295,0,0,8,11,9,1141,0,0,16,10,3
GHCND:US1KYFY0009,LEXINGTON 1.7 SSE KY US,307.8,38.0249,-84.495,20120201,135,0,0,13,8,7,591,0,0,24,9,4
GHCND:US1KYFY0009,LEXINGTON 1.7 SSE KY US,307.8,38.0249,-84.495,20120301,259,0,0,102,4,4,781,0,0,102,14,7
GHCND:US1KYFY0009,LEXINGTON 1.7 SSE KY US,307.8,38.0249,-84.495,20120401,168,0,0,-9999,0,0,533,0,0,0,11,5
GHCND:US1KYFY0009,LEXINGTON 1.7 SSE KY US,307.8,38.0249,-84.495,20120501,279,0,0,-9999,0,0,880,0,0,0,9,3
GHCND:US1KYFY0009,LEXINGTON 1.7 SSE KY US,307.8,38.0249,-84.495,20120601,185,0,0,-9999,0,0,409,0,0,0,7,3
GHCND:US1KYFY0009,LEXINGTON 1.7 SSE KY US,307.8,38.0249,-84.495,20120701,241,0,0,-9999,0,0,1300,0,0,0,13,5
GHCND:US1KYFY0009,LEXINGTON 1.7 SSE KY US,307.8,38.0249,-84.495,20120801,218,0,0,-9999,0,0,353,0,0,0,7,3
GHCND:US1KYFY0009,LEXINGTON 1.7 SSE KY US,307.8,38.0249,-84.495,20120901,490,0,0,-9999,0,0,1314,0,0,0,13,5
GHCND:US1KYFY0009,LEXINGTON 1.7 SSE KY US,307.8,38.0249,-84.495,20121001,102,0,0,-9999,0,0,390,0,0,0,11,4
GHCND:US1KYFY0009,LEXINGTON 1.7 SSE KY US,307.8,38.0249,-84.495,20121101,239,0,0,-9999,0,0,443,0,0,0,6,2
GHCND:US1KYFY0009,LEXINGTON 1.7 SSE KY US,307.8,38.0249,-84.495,20121201,419,0,0,38,21,20,1797,0,0,30,15,5
